date,OPEN,HIGH,LOW,CLOSE,VOLUME,MONEY,FACTOR,superTrend,Trend,SMA10,SMA30,SMA100,SMA120,SMA200,SMA100_trend,SMA30_120_trend,SMA10_200_trend,Volatility,volRank,atr,atrRank,skew,Kurt,VolofVol,volvPctRank,vmPctRank,DailyVol,DailyVolRank
2023-07-21,2501.4,2527.28,2496.81,2509.29,2241300500.0,45052392100.0,1.0,,1,,,,,,0,0,0,,,,,,,77.49859187704125,,,91.10398941429244,
2023-07-24,2492.22,2509.78,2492.19,2500.0,1906578900.0,34856260200.0,1.0,,-1,,,,,,0,0,0,,,,,,,77.49859187704125,,,89.30488361788038,
2023-07-25,2539.48,2578.96,2539.48,2578.35,4035765300.0,79008147700.0,1.0,,-1,,,,,,0,0,0,,,,,,,77.49859187704125,,,259.56217642508653,
2023-07-26,2574.81,2581.25,2564.89,2576.39,2607063500.0,44788260400.0,1.0,,-1,,,,,,0,0,0,,,,,,,77.49859187704125,,,49.44298657927339,
2023-07-27,2580.24,2596.33,2569.1,2575.36,2976257200.0,49060162800.0,1.0,,-1,,,,,,0,0,0,,,,,,,77.49859187704125,,,71.55234990297267,
2023-07-28,2564.87,2653.26,2563.16,2647.03,4856652800.0,86726876200.0,1.0,,-1,,,,,,0,0,0,,,,,,,77.49859187704125,,,135.7661609612629,
2023-07-31,2666.49,2700.74,2644.09,2653.37,5174480600.0,99450613400.0,1.0,,-1,,,,,,0,0,0,,,,,,,77.49859187704125,,,202.17000997953215,
2023-08-01,2652.24,2670.25,2636.21,2645.89,3917887500.0,68052476600.0,1.0,,-1,,,,,,0,0,0,,,,,,,77.49859187704125,,,104.83021583997996,
2023-08-02,2635.55,2651.18,2612.35,2620.68,3712302900.0,56598618400.0,1.0,,-1,,,,,,0,0,0,,,,,,,77.49859187704125,,,111.82052611233563,
2023-08-03,2617.79,2647.36,2612.4,2645.15,3404230400.0,63279356000.0,1.0,,-1,2595.1510000000003,,,,,0,0,0,,,,,,,77.49859187704125,,,99.74160169440637,
2023-08-04,2664.59,2680.74,2646.15,2648.84,4820363400.0,84194648000.0,1.0,,-1,2609.106,,,,,0,0,0,,,,,,,77.49859187704125,,,167.03575685444693,
2023-08-07,2635.78,2636.69,2622.67,2634.58,3174860900.0,55108582200.0,1.0,,-1,2622.564,,,,,0,0,0,,,,,,,77.49859187704125,,,113.11177730589586,
2023-08-08,2625.67,2646.6,2610.81,2631.38,2736648600.0,50836904200.0,1.0,,-1,2627.867,,,,,0,0,0,,,,,,,77.49859187704125,,,123.20111825953978,
2023-08-09,2623.15,2638.09,2622.06,2628.7,2398730700.0,43024801800.0,1.0,,-1,2633.0980000000004,,,,,0,0,0,,,,,,,77.49859187704125,,,57.906676408061394,
2023-08-10,2623.8,2632.57,2609.82,2629.44,2462832500.0,42538513300.0,1.0,,-1,2638.5060000000003,,,,,0,0,0,,,,,,,77.49859187704125,,,81.3504275848389,
2023-08-11,2630.99,2631.8,2568.9,2568.9,3599680200.0,56193241300.0,1.0,,-1,2630.693,,,,,0,0,0,,,,,,,77.49859187704125,,,96.54980014474393,
2023-08-14,2538.85,2554.39,2526.07,2549.28,3354409800.0,51938867400.0,1.0,,-1,2620.2840000000006,,,,,0,0,0,,,,,,,77.49859187704125,,,163.49855324109402,
2023-08-15,2550.94,2556.0,2522.24,2546.44,2788849100.0,46065116600.0,1.0,,-1,2610.3390000000004,,,,,0,0,0,,,,,,,77.49859187704125,,,100.21691541880102,
2023-08-16,2533.9,2549.94,2529.43,2530.81,2562980600.0,44756946100.0,1.0,,-1,2601.3520000000003,,,,,0,0,0,,,,,,,77.49859187704125,,,92.44980038898514,
2023-08-17,2516.75,2540.54,2507.9,2536.49,2478354400.0,44195356200.0,1.0,,-1,2590.486,,,,,0,0,0,,,,,,,77.49859187704125,,,131.23290573003283,
2023-08-18,2537.14,2545.8,2507.58,2507.58,2630578100.0,44099171500.0,1.0,,-1,2576.3599999999997,,,,,0,0,0,,,,,,,77.49859187704125,,,99.39627775745825,
2023-08-21,2498.13,2508.96,2475.09,2475.09,2864364700.0,47508877700.0,1.0,2605.7078571428574,-1,2560.4109999999996,,,,,0,0,0,,,37.89428571428574,,,,77.49859187704125,,,126.88718216045321,
2023-08-22,2485.56,2505.03,2464.28,2493.76,4126152000.0,58477808000.0,1.0,2598.745816326531,-1,2546.649,,,,,0,0,0,,,38.03027210884356,,,,77.49859187704125,,,156.7347718070511,
2023-08-23,2491.37,2498.32,2459.33,2461.19,2965461700.0,43379265200.0,1.0,2593.0529203109813,-1,2529.8979999999997,,,,,0,0,0,,,38.075973436993884,,,,77.49859187704125,,,97.57645447000664,
2023-08-24,2468.32,2497.19,2466.86,2480.75,3666582000.0,51892679000.0,1.0,2593.0529203109813,-1,2515.0289999999995,,,,,0,0,0,,,37.977117559041794,,,,77.49859187704125,,,117.18515099136195,
2023-08-25,2468.74,2502.19,2466.55,2485.33,3008535300.0,45300298200.0,1.0,2593.0529203109813,-1,2506.6719999999996,,,,,0,0,0,,,37.86582624670647,,,,77.49859187704125,,,144.75854894274298,
2023-08-28,2612.31,2612.98,2507.98,2518.19,5452723900.0,94406029800.0,1.0,2593.0529203109813,-1,2503.562999999999,,,,,0,0,0,,,42.141263092101404,,,,77.49859187704125,,,466.8997426205234,
2023-08-29,2512.32,2546.69,2511.79,2529.22,3990953400.0,64006134500.0,1.0,2593.0529203109813,-1,2501.8409999999994,,,,,0,0,0,,,41.79644104009658,,,,77.49859187704125,,,108.21014568190222,
2023-08-30,2540.84,2540.84,2518.66,2522.54,3581796200.0,55190681800.0,1.0,2593.0529203109813,-1,2501.0139999999997,,,,,0,0,0,,,40.862324800092,,,,77.49859187704125,,,92.76049142662869,
2023-08-31,2526.69,2532.17,2505.83,2510.46,2968520200.0,46242837400.0,1.0,2593.0529203109813,-1,2498.410999999999,2561.349333333333,,,,0,0,0,,,40.170785523897145,,,,77.49859187704125,0.5166666666666667,0.43333333333333335,65.71188105484501,0.1
2023-09-01,2520.7,2544.05,2520.7,2532.25,2908210400.0,46333399400.0,1.0,2593.0529203109813,-1,2500.8779999999992,2562.114666666667,,,,0,0,0,17.234394682570315,,39.85741478466395,,0.9231060892280112,0.9231060892280112,77.49859187704125,0.5161290322580645,0.3870967741935484,133.53058586096407,0.7419354838709677
2023-09-04,2550.17,2583.67,2547.59,2577.47,4065693600.0,67613130100.0,1.0,2593.0529203109813,-1,2511.115999999999,2564.697,,,,0,0,0,17.893581407316002,,40.408014080632334,,0.7565567945944551,0.7565567945944551,77.49859187704125,0.515625,0.84375,135.98191302126594,0.78125
2023-09-05,2569.76,2569.76,2557.97,2561.79,2668467300.0,47627591900.0,1.0,2593.0529203109813,-1,2517.9189999999994,2564.1449999999995,,,,0,0,0,15.59541096671161,,39.41239436250699,,0.4986810770902784,0.4986810770902784,77.49859187704125,0.5151515151515151,0.2727272727272727,86.32800683071937,0.18181818181818182
2023-09-06,2553.59,2564.43,2544.6,2559.36,2386205400.0,41578603700.0,1.0,2593.0529203109813,-1,2527.736,2563.577333333333,,,,0,0,0,15.596109283966934,,38.47989939286379,,0.5006297030417219,0.5006297030417219,77.49859187704125,0.5147058823529411,0.08823529411764706,73.64806217487472,0.14705882352941177
2023-09-07,2552.36,2552.86,2531.1,2534.16,2524243200.0,40426844400.0,1.0,2593.0529203109813,-1,2533.0769999999998,2562.2039999999997,,,,0,0,0,15.839438885439712,,37.99323751701314,,0.5456920615624555,0.5456920615624555,77.49859187704125,0.5142857142857142,0.2,88.5461214260593,0.22857142857142856
2023-09-08,2527.46,2529.85,2512.41,2519.97,1804262900.0,28609593200.0,1.0,2593.0529203109813,-1,2536.5409999999997,2557.9686666666666,,,,0,0,0,13.498316966789702,,37.219750016202994,,-0.016319718942673773,-0.016319718942673773,77.49859187704125,0.5138888888888888,0.027777777777777776,77.4712178220326,0.16666666666666666
2023-09-11,2519.3,2550.01,2519.3,2536.17,2445402400.0,42516632100.0,1.0,2593.0529203109813,-1,2538.339,2554.062,,,,0,0,0,13.647622547807583,,36.90976192019333,,-0.04004876889204496,-0.04004876889204496,77.49859187704125,0.5135135135135135,0.16216216216216217,118.73917711532219,0.6486486486486487
2023-09-12,2533.6,2538.69,2527.34,2531.83,2058490500.0,31996953400.0,1.0,2593.0529203109813,-1,2538.6,2550.26,,,,0,0,0,13.642027526814541,,35.69263040018412,,-0.05357996265334824,-0.05357996265334824,77.49859187704125,0.5131578947368421,0.07894736842105263,53.59772892806027,0.05263157894736842
2023-09-13,2536.39,2543.12,2510.09,2524.54,2419965600.0,37205544400.0,1.0,2593.0529203109813,-1,2538.8,2547.0553333333332,,,,0,0,0,13.439450772455038,,35.56583847636582,,-0.10821709198372363,-0.10821709198372363,77.49859187704125,0.5128205128205128,0.1794871794871795,81.42017393814923,0.23076923076923078
2023-09-14,2529.19,2539.67,2519.4,2530.98,3121548900.0,41657845000.0,1.0,2593.0529203109813,-1,2540.852,2543.249666666667,,,,0,0,0,13.125798914783331,,34.8374652155865,,-0.09960011495380368,-0.09960011495380368,77.49859187704125,0.5125,0.6,93.55229675901357,0.4
2023-09-15,2538.26,2546.42,2508.24,2514.98,3366639900.0,53188347600.0,1.0,2593.0529203109813,-1,2539.125,2538.7876666666666,,,,0,0,0,13.170381713706506,,34.99663353865382,,-0.008941141270762187,-0.008941141270762187,77.49859187704125,0.5121951219512195,0.6585365853658537,102.41425607372013,0.5365853658536586
2023-09-18,2509.15,2532.43,2503.02,2531.9,2542094200.0,43600334300.0,1.0,2593.0529203109813,-1,2534.568,2535.365,,,,0,0,0,13.337365879896197,,34.73060337014648,,-0.12235764199431688,-0.12235764199431688,77.49859187704125,0.5119047619047619,0.2857142857142857,98.65612634475619,0.4523809523809524
2023-09-19,2529.48,2533.79,2517.4,2532.28,2294070400.0,34756093400.0,1.0,2593.0529203109813,-1,2531.6169999999997,2532.0616666666665,,,,0,0,0,13.343709999086787,,33.8572413049014,,-0.13915732815002113,-0.13915732815002113,77.49859187704125,0.5116279069767442,0.11627906976744186,71.2956928397777,0.11627906976744186
2023-09-20,2527.75,2529.02,2519.13,2521.56,2288247300.0,30949026900.0,1.0,2593.0529203109813,-1,2527.837,2528.490333333333,,,,0,0,0,13.370727945558109,,32.87118219514419,,-0.09957486332226781,-0.09957486332226781,77.49859187704125,0.5113636363636364,0.11363636363636363,75.83375881184553,0.18181818181818182
2023-09-21,2515.47,2519.91,2495.74,2495.74,2389141700.0,35084379100.0,1.0,2593.0529203109813,-1,2523.995,2524.0336666666667,,,,0,0,0,13.598338298116278,,32.53541161442305,,-0.004648313573944986,-0.004648313573944986,77.49859187704125,0.5111111111111111,0.17777777777777778,83.76334911988457,0.26666666666666666
2023-09-22,2498.24,2550.98,2489.32,2550.98,3297857500.0,53822484500.0,1.0,2593.0529203109813,-1,2527.0959999999995,2523.436333333333,,,,0,0,0,13.73893559418229,,33.922296775640994,,0.7080995531852641,0.7080995531852641,77.49859187704125,0.5108695652173914,0.6521739130434783,87.6610391570947,0.30434782608695654
2023-09-25,2548.89,2548.89,2526.07,2529.15,2556988100.0,41022034500.0,1.0,2593.0529203109813,-1,2526.3939999999993,2522.7653333333333,,,,0,0,0,13.783475284361748,,33.493139786324754,,0.7031177714729486,0.7031177714729486,77.49859187704125,0.5106382978723404,0.3404255319148936,77.83816845173264,0.2127659574468085
2023-09-26,2526.35,2534.2,2512.03,2513.41,2334196400.0,33802411600.0,1.0,2593.0529203109813,-1,2524.551999999999,2521.664333333333,,,,0,0,0,13.888199113203317,,32.953942653642606,,0.7376697482921281,0.7376697482921281,77.49859187704125,0.5104166666666666,0.14583333333333334,46.95038335174941,0.020833333333333332
2023-09-27,2515.82,2538.68,2514.23,2520.14,2754083200.0,46635013500.0,1.0,2593.0529203109813,-1,2524.111999999999,2521.3086666666663,,,,0,0,0,13.808609403354415,,32.588040622516765,,0.6551374298042754,0.6551374298042754,77.49859187704125,0.5102040816326531,0.46938775510204084,105.44525420647292,0.6326530612244898
2023-09-28,2530.23,2531.07,2504.21,2507.09,2491669100.0,41444248000.0,1.0,2593.0529203109813,-1,2521.722999999999,2520.3286666666663,,,,0,0,0,13.864803317762435,,32.315276783349304,,0.7293742075668934,0.7293742075668934,77.49859187704125,0.51,0.3,60.007760790724255,0.1
2023-10-09,2497.47,2504.02,2474.81,2499.57,2760836000.0,45052515800.0,1.0,2586.3557908095695,-1,2520.1819999999993,2520.0616666666665,,,,0,0,0,13.502486003202074,,32.313596936523155,0.03333333333333333,0.7618512069425126,0.7618512069425126,77.49859187704125,0.5098039215686274,0.49019607843137253,149.13848856419807,0.8823529411764706
2023-10-10,2510.51,2513.85,2481.39,2482.53,2870204000.0,40996551700.0,1.0,2586.3557908095695,-1,2515.244999999999,2520.3096666666665,,,,0,0,0,13.11594494695022,,32.32056851097443,0.0967741935483871,0.8677711585487199,0.8677711585487199,77.49859187704125,0.5096153846153846,0.5384615384615384,91.74254818656192,0.40384615384615385
2023-10-11,2497.56,2502.63,2486.37,2490.86,2637228700.0,43693282400.0,1.0,2586.3557908095695,-1,2511.102999999999,2520.213,,,,0,0,0,12.969869418008026,,31.7386366771185,0.03125,0.9273336269031225,0.9273336269031225,77.49859187704125,0.5094339622641509,0.41509433962264153,84.04242236351531,0.3018867924528302
2023-10-12,2518.83,2524.2,2504.37,2514.39,3366137200.0,46137733400.0,1.0,2586.3557908095695,-1,2510.385999999999,2521.9863333333333,,,,0,0,0,12.646771653229921,,31.814892073446178,0.06060606060606061,0.9158896538889076,0.9158896538889076,77.49859187704125,0.5092592592592593,0.7222222222222222,128.6223188495636,0.7777777777777778
2023-10-13,2495.15,2499.07,2482.89,2489.13,2579237400.0,39705090300.0,1.0,2586.3557908095695,-1,2509.724999999999,2522.2656666666667,,,,0,0,0,12.825092425561984,,31.799897212805885,0.058823529411764705,1.004452894906435,1.004452894906435,77.49859187704125,0.509090909090909,0.36363636363636365,103.8611901579144,0.6
2023-10-16,2490.92,2491.62,2461.38,2468.44,2508081200.0,40453214000.0,1.0,2571.6768491794455,-1,2501.4709999999986,2521.7026666666666,,,,0,0,0,13.038015747213922,,31.72561639314845,0.02857142857142857,1.047801615860279,1.047801615860279,77.49859187704125,0.5089285714285714,0.2857142857142857,63.866331087466214,0.10714285714285714
2023-10-17,2474.12,2480.94,2462.37,2478.9,2348854800.0,35668258900.0,1.0,2564.9524754089953,-1,2496.445999999999,2520.3929999999996,,,,0,0,0,12.498669629095186,,31.099158469665195,0.027777777777777776,1.1411007012175145,1.1411007012175145,77.49859187704125,0.5087719298245614,0.14035087719298245,65.76945452681598,0.14035087719298245
2023-10-18,2471.59,2478.68,2463.66,2467.19,2459189400.0,35566080500.0,1.0,2562.201881341901,-1,2491.8239999999987,2518.325333333333,,,,0,0,0,12.469513398675907,,30.343960447300198,0.02702702702702703,1.257635490274539,1.257635490274539,77.49859187704125,0.5086206896551724,0.2413793103448276,69.58696734954805,0.15517241379310345
2023-10-19,2450.17,2450.18,2400.19,2401.93,3114968500.0,53932887000.0,1.0,2521.4534584208577,-1,2480.002999999999,2514.305,,,,0,0,0,14.463977320902316,,32.0894861402859,0.18421052631578946,0.29233540801326574,0.29233540801326574,77.49859187704125,0.5084745762711864,0.6610169491525424,148.63932813683144,0.8813559322033898
2023-10-20,2394.62,2402.79,2379.74,2389.22,2792940900.0,44439808500.0,1.0,2486.2421032579596,-1,2468.215999999999,2510.2636666666663,,,,0,0,0,14.47407932193106,0.8333333333333334,31.65903441931991,0.07692307692307693,0.2967088201510652,0.2967088201510652,77.49859187704125,0.5083333333333333,0.5333333333333333,92.54567184487472,0.45
2023-10-23,2380.3,2390.8,2351.45,2369.93,2646995600.0,38190471500.0,1.0,2467.2008126266282,-1,2455.251999999999,2504.8529999999996,,,,0,0,0,14.25837115697247,0.7741935483870968,32.02527087554279,0.2,0.44126418510788423,0.44126418510788423,77.49859187704125,0.5081967213114754,0.4426229508196721,130.44760194965414,0.7868852459016393
2023-10-24,2374.87,2382.73,2355.59,2378.44,3145228600.0,43320643100.0,1.0,2464.5379167872647,-1,2444.842999999999,2498.218666666666,,,,0,0,0,13.10173420442728,0.21875,31.792638929088362,0.14634146341463414,0.25783650313043915,0.25783650313043915,79.34418594875316,1.0,0.6935483870967742,115.83471474254193,0.6935483870967742
2023-10-25,2402.75,2408.89,2383.1,2386.3,3999164900.0,52062705000.0,1.0,2464.5379167872647,-1,2434.386999999999,2492.3689999999997,,,,0,0,0,13.167880343550882,0.30303030303030304,31.728703741988905,0.11904761904761904,0.1499219783196118,0.1499219783196118,71.12323731046858,0.015873015873015872,0.8888888888888888,127.50014176803414,0.7619047619047619
2023-10-26,2375.04,2394.99,2372.54,2393.73,2846266600.0,41362772500.0,1.0,2464.5379167872647,-1,2422.320999999999,2486.8479999999995,,,,0,0,0,13.254723976575548,0.35294117647058826,31.28686070665609,0.06976744186046512,0.10523907453463507,0.10523907453463507,71.18416913567658,0.03125,0.53125,71.42252014895682,0.171875
2023-10-27,2383.99,2426.8,2380.34,2414.91,3164753600.0,56934794200.0,1.0,2464.5379167872647,-1,2414.8989999999985,2482.8729999999996,,,,0,0,0,13.418421556421663,0.45714285714285713,32.009391149196276,0.25,-0.02741784192261133,-0.02741784192261133,71.11298480106753,0.015384615384615385,0.6923076923076923,93.52900444089325,0.46153846153846156
2023-10-30,2406.95,2420.98,2403.27,2414.16,3970669700.0,62284481800.0,1.0,2464.5379167872647,-1,2409.4709999999986,2479.3459999999995,,,,0,0,0,13.369269109479871,0.4166666666666667,31.328467761139315,0.08888888888888889,-0.09007751937393114,-0.09007751937393114,57.1315813136029,0.015151515151515152,0.8636363636363636,78.35542922942342,0.25757575757575757
2023-10-31,2409.89,2416.57,2400.26,2411.48,3139368100.0,53329675800.0,1.0,2464.5379167872647,-1,2402.7289999999985,2475.189666666666,,,,0,0,0,13.168710418654221,0.2972972972972973,30.613302629656488,0.043478260869565216,-0.02791169753075039,-0.02791169753075039,57.20194047694917,0.029850746268656716,0.6567164179104478,69.58822422139345,0.14925373134328357
2023-11-01,2456.38,2456.38,2416.68,2420.73,2595050600.0,57125465300.0,1.0,2464.5379167872647,-1,2398.0829999999987,2471.486333333333,,,,0,0,0,13.261429993122771,0.3684210526315789,31.293621552053803,0.10638297872340426,-0.08748971684240406,-0.08748971684240406,57.243402114388786,0.04411764705882353,0.35294117647058826,104.19827289214476,0.6176470588235294
2023-11-02,2429.72,2440.34,2416.66,2417.46,2531333000.0,40772219400.0,1.0,2464.5379167872647,-1,2399.6359999999986,2467.917,,,,0,0,0,13.254800315948756,0.358974358974359,30.93106814481316,0.0625,-0.10678652427641241,-0.10678652427641241,57.08255573306104,0.014492753623188406,0.2898550724637681,80.49284291775636,0.2753623188405797
2023-11-03,2419.69,2443.3,2418.92,2436.94,2443024900.0,42330072300.0,1.0,2464.5379167872647,-1,2404.4079999999985,2464.7823333333336,,,,0,0,0,13.485222691598251,0.55,30.688636328393493,0.061224489795918366,-0.1244708695437885,-0.1244708695437885,56.85279342204175,0.014285714285714285,0.18571428571428572,69.39035283685058,0.12857142857142856
2023-11-06,2452.84,2460.76,2443.39,2456.77,3944849300.0,63490178300.0,1.0,2464.5379167872647,-1,2413.0919999999983,2462.842,,,,0,0,0,13.6555462829182,0.6829268292682927,30.36155840799381,0.04,-0.24460021122862613,-0.24460021122862613,56.93990303488228,0.028169014084507043,0.8591549295774648,107.86910147199593,0.6619718309859155
2023-11-07,2450.27,2450.38,2436.38,2443.97,2540951200.0,43645744000.0,1.0,2464.5379167872647,-1,2419.6449999999986,2459.9110000000005,,,,0,0,0,13.529322563838535,0.5952380952380952,29.886722293327434,0.0196078431372549,-0.13238212704414282,-0.13238212704414282,56.931152746122244,0.027777777777777776,0.3055555555555556,75.0271888106392,0.2222222222222222
2023-11-08,2436.87,2448.87,2426.2,2436.7,2541617100.0,45724472000.0,1.0,2464.5379167872647,-1,2424.6849999999986,2456.7250000000004,,,,0,0,0,13.533592763255301,0.6046511627906976,29.543068850788035,0.019230769230769232,-0.09400902719675834,-0.09400902719675834,56.93131542596724,0.0410958904109589,0.3150684931506849,77.02648872476306,0.2465753424657534
2023-11-09,2428.51,2444.35,2427.64,2436.23,2842391400.0,48916592500.0,1.0,2464.5379167872647,-1,2428.9349999999986,2453.880666666667,,,,0,0,0,13.50746335720053,0.5681818181818182,28.931970334083843,0.018867924528301886,-0.14312459085778464,-0.14312459085778464,56.93697951616013,0.05405405405405406,0.527027027027027,81.31831919167479,0.3108108108108108
2023-11-10,2424.49,2428.12,2409.04,2414.02,2447768500.0,39070613100.0,1.0,2464.5379167872647,-1,2428.8459999999986,2451.156666666667,,,,0,0,0,13.447013314619308,0.4888888888888889,28.84901936579414,0.018518518518518517,-0.14463967759684282,-0.14463967759684282,56.75530996224763,0.013333333333333334,0.2,76.07119824627634,0.24
2023-11-13,2415.96,2421.17,2396.31,2407.59,2345548200.0,37683961400.0,1.0,2464.5379167872647,-1,2428.188999999999,2446.3770000000004,,,,0,0,0,11.567385110143947,0.021739130434782608,28.659066062661093,0.01818181818181818,-1.010647205320418,-1.010647205320418,69.31928024354413,0.14473684210526316,0.10526315789473684,65.69744587663915,0.09210526315789473
2023-11-14,2410.48,2419.22,2397.18,2406.4,2342180200.0,37907956000.0,1.0,2464.5379167872647,-1,2427.680999999999,2442.2853333333337,,,,0,0,0,11.403671098307761,0.02127659574468085,28.34387244062961,0.017857142857142856,-1.144980573645689,-1.144980573645689,69.32757355514876,0.15584415584415584,0.1038961038961039,73.18004025788605,0.2077922077922078
2023-11-15,2428.82,2431.83,2419.64,2427.12,2462213100.0,43282231800.0,1.0,2464.5379167872647,-1,2428.319999999999,2439.409,,,,0,0,0,11.683481628823374,0.0625,28.20511661012343,0.017543859649122806,-1.1738824033113489,-1.1738824033113489,69.76256733787802,0.16666666666666666,0.24358974358974358,114.0595418428405,0.7307692307692307
2023-11-16,2422.85,2425.3,2402.11,2404.32,2220015700.0,33479906700.0,1.0,2464.5379167872647,-1,2427.005999999999,2435.5483333333336,,,,0,0,0,11.858510826876984,0.08163265306122448,28.05296820011754,0.017241379310344827,-1.0043302944460843,-1.0043302944460843,69.98967938053659,0.17721518987341772,0.05063291139240506,59.02179094282716,0.06329113924050633
2023-11-17,2396.59,2401.79,2379.33,2398.2,2230109300.0,33944865500.0,1.0,2464.5379167872647,-1,2423.131999999999,2431.918666666667,,,,0,0,0,11.814036089489234,0.08,27.907112571540523,0.01694915254237288,-1.04903830550188,-1.04903830550188,69.94823706126958,0.175,0.0625,73.85215744588018,0.2375
2023-11-20,2399.76,2413.31,2383.56,2404.77,2123867300.0,34814050600.0,1.0,2464.5379167872647,-1,2417.9319999999993,2428.758666666667,,,,0,0,0,11.864232971415893,0.11764705882352941,27.99486911575288,0.03333333333333333,-1.1103610469430167,-1.1103610469430167,69.68766382894066,0.16049382716049382,0.04938271604938271,90.58563647509165,0.4567901234567901
2023-11-21,2415.13,2432.77,2412.06,2416.24,2646261600.0,42629214200.0,1.0,2464.5379167872647,-1,2415.1589999999987,2426.5490000000004,,,,0,0,0,11.867794646891918,0.1346153846153846,27.995113443574173,0.04918032786885246,-1.2401147005933906,-1.2401147005933906,69.29030329415693,0.13414634146341464,0.47560975609756095,101.47837598031265,0.6219512195121951
2023-11-22,2408.98,2414.24,2396.9,2396.9,2172445500.0,30301268500.0,1.0,2464.5379167872647,-1,2411.178999999999,2423.4170000000004,,,,0,0,0,11.969349966036985,0.1509433962264151,27.58296518435634,0.016129032258064516,-1.0857225435448727,-1.0857225435448727,69.3086640960366,0.14457831325301204,0.060240963855421686,63.45022563779614,0.08433734939759036
2023-11-23,2393.49,2407.2,2386.58,2405.17,1980160100.0,29966318100.0,1.0,2464.5379167872647,-1,2408.072999999999,2419.7763333333337,,,,0,0,0,11.634512497115214,0.05555555555555555,27.2513954136727,0.015873015873015872,-1.1965544954300373,-1.1965544954300373,69.40069867708925,0.17857142857142858,0.03571428571428571,58.178648910716404,0.05952380952380952
2023-11-24,2403.92,2403.92,2390.17,2391.02,2023420300.0,29471977500.0,1.0,2464.5379167872647,-1,2405.772999999999,2416.5060000000003,,,,0,0,0,11.433820945194416,0.03636363636363636,26.66799563206924,0.015625,-1.2698285587460196,-1.2698285587460196,69.37106587597971,0.17647058823529413,0.047058823529411764,57.60364869718205,0.047058823529411764
2023-11-27,2387.98,2387.98,2357.09,2370.72,2682100100.0,40568738500.0,1.0,2453.576416091626,-1,2402.085999999999,2413.248666666667,,,,0,0,0,11.443132779564873,0.05357142857142857,27.013805363875456,0.03076923076923077,-1.2666589598882327,-1.2666589598882327,69.14294922754333,0.12790697674418605,0.5232558139534884,99.14547608188609,0.5930232558139535
2023-11-28,2368.92,2374.97,2361.74,2371.21,2006451400.0,32101797700.0,1.0,2447.4273010396437,-1,2398.5669999999986,2409.6590000000006,,,,0,0,0,11.335231556359446,0.017543859649122806,26.35743367988139,0.015151515151515152,-1.2598812555710943,-1.2598812555710943,68.25806052749626,0.12643678160919541,0.04597701149425287,72.98315383253026,0.22988505747126436
2023-11-29,2374.03,2374.36,2351.1,2358.12,2573910400.0,38604709500.0,1.0,2441.3598105139467,-1,2391.6669999999986,2406.0233333333335,,,,0,0,0,11.356908881715405,0.034482758620689655,26.209936837982283,0.014925373134328358,-1.244040918014954,-1.244040918014954,68.26885350816332,0.13636363636363635,0.4318181818181818,68.15049495824921,0.1590909090909091
2023-11-30,2358.21,2370.95,2354.69,2366.0,2564201900.0,37341817600.0,1.0,2440.028390965663,-1,2387.8349999999987,2404.825666666667,,,,0,0,0,8.70436721011859,0.01694915254237288,25.73613032188788,0.014705882352941176,0.025626307667597534,0.025626307667597534,80.78370178016313,1.0,0.42696629213483145,67.39408109129492,0.15730337078651685
2023-12-01,2362.63,2362.63,2330.74,2352.0,2835755000.0,45326081300.0,1.0,2425.2539437768223,-1,2383.214999999999,2403.5850000000005,,,,0,0,0,8.735318427281078,0.03333333333333333,26.189647925607513,0.028985507246376812,0.02690679444118068,0.02690679444118068,80.83565128212206,1.0,0.6,120.63789663801697,0.8
2023-12-04,2351.31,2353.0,2332.85,2333.88,2300455000.0,38447058100.0,1.0,2420.6311369303075,-1,2376.125999999999,2402.383333333334,,,,0,0,0,8.708867546860402,0.03278688524590164,25.90204564343573,0.02857142857142857,0.032995790927234286,0.032995790927234286,80.91072677179882,1.0,0.15384615384615385,85.85322824192886,0.42857142857142855
2023-12-05,2327.34,2327.34,2285.96,2286.58,2519387400.0,42196912800.0,1.0,2387.501558981245,-1,2363.159999999999,2399.321333333334,,,,0,0,0,10.28852270356852,0.06451612903225806,26.950519660414983,0.09859154929577464,-0.6034024037966929,-0.6034024037966929,96.09053264011446,1.0,0.34782608695652173,114.668940262425,0.7608695652173914
2023-12-06,2281.73,2298.3,2275.28,2284.06,3067773100.0,41728776600.0,1.0,2367.080056172614,-1,2351.8759999999993,2395.9133333333343,,,,0,0,0,10.19890446423092,0.06349206349206349,26.76335205753808,0.09722222222222222,-0.5599366796567958,-0.5599366796567958,96.03646910374115,0.989247311827957,0.7096774193548387,92.91425444225948,0.5376344086021505
2023-12-07,2280.09,2284.94,2259.82,2274.83,2595956000.0,38119540900.0,1.0,2352.435291592966,-1,2338.841999999999,2391.950000000001,,,,0,0,0,10.133889638248862,0.0625,26.685097197655306,0.0958904109589041,-0.46756421295099126,-0.46756421295099126,95.95823093143026,0.9787234042553191,0.46808510638297873,107.63030279304326,0.7021276595744681
2023-12-08,2274.18,2287.09,2269.28,2281.65,3351291000.0,45212158900.0,1.0,2352.435291592966,-1,2327.9049999999993,2387.5080000000007,,,,0,0,0,9.751280390458097,0.06153846153846154,26.26247352157648,0.06756756756756757,-0.586669488273384,-0.586669488273384,96.17445616281731,1.0,0.7894736842105263,66.69020589815612,0.14736842105263157
2023-12-11,2264.99,2299.66,2244.28,2292.68,3501008200.0,56257627800.0,1.0,2352.435291592966,-1,2320.100999999999,2383.458666666667,,,,0,0,0,9.930054353999594,0.07575757575757576,27.649022401501394,0.18666666666666668,-0.5993805769998386,-0.5993805769998386,96.4753991956088,1.0,0.8333333333333334,204.1939302879289,0.9791666666666666
2023-12-12,2285.21,2306.04,2282.09,2305.14,2884871400.0,42483203300.0,1.0,2352.435291592966,-1,2313.4939999999992,2379.914,,,,0,0,0,10.13688470142254,0.1044776119402985,27.472878477620366,0.17105263157894737,-0.62238354781021,-0.62238354781021,96.79534200577615,1.0,0.6391752577319587,84.30896689866644,0.41237113402061853
2023-12-13,2298.27,2298.27,2260.6,2261.02,2486634600.0,45559138300.0,1.0,2352.435291592966,-1,2303.783999999999,2374.590333333334,,,,0,0,0,11.190312674760746,0.14705882352941177,28.285598550114635,0.2727272727272727,-0.6888446872849767,-0.6888446872849767,101.7880613708721,1.0,0.30612244897959184,93.6546385829289,0.5612244897959183
2023-12-14,2274.25,2280.85,2249.39,2249.94,2062691400.0,39752388200.0,1.0,2350.430281571756,-1,2292.177999999999,2369.0063333333337,,,,0,0,0,11.21223354812432,0.15942028985507245,28.4367605239187,0.2948717948717949,-0.6336635696647965,-0.6336635696647965,101.79655544567692,1.0,0.0707070707070707,130.36774755874274,0.8484848484848485
2023-12-15,2262.04,2283.54,2244.8,2245.29,2745867800.0,47439182500.0,1.0,2350.430281571756,-1,2281.506999999999,2362.6180000000004,2470.7100999999993,,,-1,0,0,10.782073601777615,0.14285714285714285,28.92739097516066,0.3291139240506329,-0.6829878733840669,-0.6829878733840669,102.08160749294335,1.0,0.55,141.73934163521412,0.9
2023-12-18,2237.01,2260.35,2227.98,2251.23,2588191500.0,37998035500.0,1.0,2331.4389742147446,-1,2273.2419999999993,2355.766666666667,2468.1294999999996,,,-1,0,0,10.42385951666706,0.14084507042253522,29.091324738248243,0.35,-0.8076955996954681,-0.8076955996954681,102.24397358189378,1.0,0.44554455445544555,99.77876037647847,0.6138613861386139
2023-12-19,2248.45,2264.29,2238.87,2257.21,2211956000.0,35256754600.0,1.0,2331.4389742147446,-1,2270.304999999999,2349.5413333333336,2465.7015999999994,,,-1,0,0,10.51770315033249,0.1527777777777778,28.916499750712617,0.32098765432098764,-0.8894991063452102,-0.8894991063452102,102.33972765514848,1.0,0.09803921568627451,97.14992843198283,0.5588235294117647
2023-12-20,2253.68,2258.49,2236.88,2237.58,2497942000.0,37376223900.0,1.0,2331.4389742147446,-1,2265.6569999999983,2342.9040000000005,2462.293899999999,,,-1,0,0,10.659951622378863,0.1643835616438356,28.568571191154856,0.2926829268292683,-0.7905029008214689,-0.7905029008214689,102.47997314876699,1.0,0.3300970873786408,81.35185791559972,0.3592233009708738
2023-12-21,2228.77,2266.77,2227.97,2261.38,2872694400.0,49033060100.0,1.0,2331.4389742147446,-1,2264.3119999999985,2337.075666666667,2459.1437999999994,,,-1,0,0,11.31415495792122,0.21621621621621623,29.055782086814155,0.3614457831325301,-0.5854719987553793,-0.5854719987553793,104.25938986320601,1.0,0.6538461538461539,95.33319888439209,0.5480769230769231
2023-12-22,2262.16,2282.77,2251.45,2270.5,2959618100.0,45871264400.0,1.0,2331.4389742147446,-1,2263.1969999999983,2332.291666666667,2456.0951999999993,,,-1,0,0,11.283983509024669,0.21333333333333335,29.16360198744206,0.38095238095238093,-0.7297784273113795,-0.7297784273113795,104.25941755816577,1.0,0.6761904761904762,116.54597026098416,0.7714285714285715
2023-12-25,2266.39,2276.13,2263.6,2272.96,1943456100.0,31479908500.0,1.0,2331.4389742147446,-1,2261.224999999998,2327.804000000001,2452.3544999999995,,,-1,0,0,11.316570387864065,0.23684210526315788,28.37152570232578,0.27058823529411763,-0.7760904966976364,-0.7760904966976364,96.16939563865074,0.8962264150943396,0.02830188679245283,57.71686690472704,0.04716981132075472
2023-12-26,2273.05,2273.05,2255.35,2262.21,1989912700.0,30599004000.0,1.0,2331.4389742147446,-1,2256.931999999998,2322.997666666668,2448.442899999999,,,-1,0,0,11.337117121561757,0.2597402597402597,27.863357811738847,0.18604651162790697,-0.7117090351764995,-0.7117090351764995,96.06229108141699,0.8785046728971962,0.04672897196261682,56.802802468834756,0.037383177570093455
2023-12-27,2263.49,2271.23,2250.01,2266.54,2676112500.0,37638308100.0,1.0,2331.4389742147446,-1,2257.483999999998,2317.6450000000013,2444.6493999999993,,,-1,0,0,10.961336020543103,0.1794871794871795,27.547007439751276,0.16091954022988506,-0.8080180453793782,-0.8080180453793782,96.3192164529787,0.9074074074074074,0.5370370370370371,79.94358561166979,0.3333333333333333
2023-12-28,2267.06,2322.05,2265.23,2317.7,4292256600.0,69274073700.0,1.0,2331.4389742147446,-1,2264.2599999999984,2314.7576666666673,2441.6195999999995,,,-1,0,0,12.846871109623608,0.4810126582278481,28.940959466429792,0.375,0.1252829979592289,0.1252829979592289,108.13870188184303,1.0,0.963302752293578,106.18110216572737,0.6972477064220184
2023-12-29,2314.07,2327.68,2309.43,2326.17,3036234300.0,51479708800.0,1.0,2331.4389742147446,-1,2272.347999999998,2312.3566666666675,2438.4297999999994,,,-1,0,0,12.91360092365899,0.4875,28.431866158504562,0.29213483146067415,0.05046004263344848,0.05046004263344848,108.10748139585849,0.990909090909091,0.7181818181818181,80.66907704792527,0.34545454545454546
2024-01-02,2316.43,2316.74,2292.23,2292.23,3137547700.0,50622406200.0,1.0,2331.4389742147446,-1,2276.447999999998,2308.605333333334,2434.8637,,,-1,0,0,13.430845308416634,0.691358024691358,28.694158246194824,0.3333333333333333,0.11122167047090399,0.11122167047090399,108.56029059485849,1.0,0.7477477477477478,108.45226768309158,0.7297297297297297
2024-01-03,2287.76,2299.68,2283.59,2294.84,2931437500.0,44217105100.0,1.0,2331.4389742147446,-1,2280.2109999999984,2304.558666666667,2431.4662999999996,,,-1,0,0,13.325932717724616,0.6219512195121951,28.093960234471247,0.24175824175824176,0.14555780839440677,0.14555780839440677,108.62435551002136,1.0,0.6607142857142857,68.84200054440755,0.16964285714285715
2024-01-04,2293.46,2296.12,2260.35,2279.04,3212578800.0,48905527800.0,1.0,2331.4389742147446,-1,2284.3569999999986,2300.63,2427.9429,,,-1,0,0,13.284848861812717,0.6144578313253012,28.459485937591662,0.31521739130434784,0.13954341568218523,0.13954341568218523,108.65449918733724,1.0,0.7876106194690266,81.27614870338441,0.35398230088495575
2024-01-05,2272.94,2295.6,2256.6,2268.54,3558937200.0,51973252600.0,1.0,2331.4389742147446,-1,2285.0729999999985,2296.0756666666666,2424.3412999999996,,,-1,0,0,13.223202077776792,0.5714285714285714,28.961415178658722,0.40860215053763443,0.23403292840744172,0.23403292840744172,108.24424123309444,0.9736842105263158,0.8508771929824561,97.84855587351933,0.5877192982456141
2024-01-08,2265.24,2272.04,2240.56,2243.84,3150065600.0,47632268300.0,1.0,2331.4389742147446,-1,2282.4069999999983,2291.1696666666667,2420.4853,,,-1,0,0,13.425948377030455,0.6941176470588235,29.081347789198784,0.425531914893617,0.2474543826463772,0.2474543826463772,108.03672347957941,0.9478260869565217,0.7565217391304347,113.08949542438066,0.7478260869565218
2024-01-09,2243.41,2251.54,2234.91,2245.62,3026932800.0,48702067000.0,1.0,2328.6902793977106,-1,2279.6729999999984,2286.999666666666,2417.2524999999996,,,-1,0,0,13.313126237863456,0.6162790697674418,28.488426465903608,0.3157894736842105,0.15404311860555958,0.15404311860555958,108.11870497567118,0.9568965517241379,0.6896551724137931,78.54743882564458,0.31896551724137934
2024-01-10,2239.03,2257.85,2233.18,2235.21,2571329800.0,41868260200.0,1.0,2328.6902793977106,-1,2276.9729999999986,2282.466333333333,2414.1117999999997,,,-1,0,0,13.324287265338171,0.6206896551724138,28.306596634193916,0.2604166666666667,0.2127403505900916,0.2127403505900916,108.02321699439061,0.9316239316239316,0.4017094017094017,112.32657584179368,0.7435897435897436
2024-01-11,2234.82,2251.08,2226.28,2240.11,3052442500.0,45573502900.0,1.0,2323.0988475262684,-1,2274.3299999999986,2278.5326666666665,2411.0484999999994,,,-1,0,0,13.331092759763132,0.6363636363636364,28.13961584208943,0.23711340206185566,0.1223181526797465,0.1223181526797465,108.0303826544912,0.9322033898305084,0.7033898305084746,76.17484505765054,0.2796610169491525
2024-01-12,2231.29,2250.73,2229.59,2237.21,2589377800.0,39121731400.0,1.0,2323.0988475262684,-1,2266.280999999998,2274.239666666667,2408.1124999999993,,,-1,0,0,13.24929293866852,0.550561797752809,27.80630080198993,0.17346938775510204,0.17560178999568948,0.17560178999568948,81.37930862803918,0.773109243697479,0.42857142857142855,81.77903479574452,0.3949579831932773
2024-01-15,2227.36,2256.8,2225.24,2238.5,2371509500.0,39317045000.0,1.0,2323.0988475262684,-1,2257.5139999999983,2270.4563333333335,2405.1325999999995,2436.413583333333,,-1,-1,0,13.209930940234242,0.5333333333333333,27.985048382847573,0.20202020202020202,0.09977113478935626,0.09977113478935626,81.48023608193064,0.775,0.19166666666666668,113.37954955661283,0.7666666666666667
2024-01-16,2231.82,2249.05,2223.44,2248.98,2878223700.0,46347948300.0,1.0,2319.8608525224217,-1,2253.1889999999985,2267.626333333333,2402.5465999999997,2434.244333333333,,-1,-1,0,13.201628831368835,0.5274725274725275,27.871950840807216,0.19,-0.028236918548161478,-0.028236918548161478,81.43803660369247,0.768595041322314,0.6198347107438017,109.07598522331844,0.7272727272727273
2024-01-17,2241.02,2242.61,2199.26,2199.26,3062829200.0,51922838400.0,1.0,2307.6720024023066,-1,2243.6309999999985,2264.715666666666,2399.7882999999997,2431.7381666666665,,-1,-1,0,13.434701662039977,0.7282608695652174,28.9123341341021,0.39603960396039606,-0.13282659734576063,-0.13282659734576063,64.9854853614511,0.09016393442622951,0.7131147540983607,111.55029832392995,0.7295081967213115
2024-01-18,2191.89,2242.33,2163.87,2238.46,5494474100.0,83092561700.0,1.0,2296.9152403831486,-1,2239.572999999998,2263.1956666666665,2397.2353,2428.90575,,-1,-1,0,14.500131260426953,0.946236559139785,31.271746794382953,0.5686274509803921,-0.001812125533128943,-0.001812125533128943,67.68898215905172,0.0975609756097561,1.0,225.26602477805102,0.983739837398374
2024-01-19,2227.73,2250.61,2218.17,2243.54,3586511400.0,59477638700.0,1.0,2296.9152403831486,-1,2237.072999999998,2262.1526666666664,2395.0588,2426.1319999999996,,-1,-1,0,14.486870221361757,0.9361702127659575,31.32737789941234,0.5922330097087378,-0.07189716004418692,-0.07189716004418692,67.5772604318218,0.0967741935483871,0.8629032258064516,164.6953701112964,0.9516129032258065
2024-01-22,2237.77,2257.59,2206.76,2230.61,4478620900.0,70458296800.0,1.0,2296.9152403831486,-1,2235.749999999998,2260.451333333333,2392.5573999999997,2423.259083333333,,-1,-1,0,14.528524713182158,0.9473684210526315,32.25607418991651,0.7019230769230769,0.020993921466950283,0.020993921466950283,65.98673578801136,0.096,0.96,213.93383704777779,0.976
2024-01-23,2220.5,2239.65,2204.37,2226.37,3401531100.0,54006326800.0,1.0,2296.9152403831486,-1,2233.824999999998,2258.241,2389.9678,2419.7535833333327,,-1,-1,0,14.438516521550236,0.8958333333333334,32.40007065706335,0.7333333333333333,0.09152313486750645,0.09152313486750645,66.2282085834253,0.10317460317460317,0.8174603174603174,168.5882742217075,0.9523809523809523
2024-01-24,2238.33,2264.52,2209.51,2260.56,4419803300.0,61986777900.0,1.0,2296.9152403831486,-1,2236.3599999999983,2256.7549999999997,2387.3914999999997,2416.4801666666663,,-1,-1,0,15.072901300252173,0.9484536082474226,33.47673395910794,0.7735849056603774,0.13826918438821661,0.13826918438821661,66.77524006950738,0.11023622047244094,0.952755905511811,170.9823151656715,0.952755905511811
2024-01-25,2264.02,2314.5,2261.37,2312.85,6194537700.0,79432204300.0,1.0,2184.581474402549,1,2243.633999999998,2258.4826666666663,2385.2277999999997,2413.7048333333323,,-1,-1,0,15.515894408475646,0.9489795918367347,34.45117519915042,0.8037383177570093,0.4154858888143707,0.4154858888143707,61.49704457128182,0.0859375,1.0,109.53771600558544,0.6953125
2024-01-26,2303.32,2323.35,2295.96,2314.37,5831629900.0,73311459400.0,1.0,2207.310213716713,1,2251.349999999998,2260.630333333333,2383.1460999999995,2411.152249999999,,-1,-1,0,15.424316157013724,0.9393939393939394,34.11492876109563,0.7962962962962963,0.3696596340132364,0.3696596340132364,61.64255740430755,0.09302325581395349,0.9922480620155039,126.53885197458605,0.8062015503875969
2024-01-29,2312.7,2327.36,2304.44,2304.44,5954904300.0,77810107284.0,1.0,2215.1544892540123,1,2257.943999999998,2262.602,2381.0858999999996,2408.312999999999,,-1,-1,0,15.474539861463525,0.94,33.58183691532918,0.7706422018348624,0.3856390916924724,0.3856390916924724,59.928204686835336,0.08461538461538462,0.9923076923076923,158.2414633111591,0.9153846153846154
2024-01-30,2292.22,2303.72,2270.98,2270.98,4326759800.0,61237732360.0,1.0,2215.1544892540123,1,2260.143999999998,2263.260333333333,2378.4732,2405.164166666665,,-1,-1,0,16.078027828917755,0.9801980198019802,33.57603515745636,0.7636363636363637,0.39755519467344197,0.39755519467344197,58.78817829234429,0.08396946564885496,0.9236641221374046,144.07082052656594,0.8778625954198473
2024-01-31,2261.12,2273.1,2243.9,2254.3,4292875700.0,63009280531.0,1.0,2215.1544892540123,1,2265.647999999998,2263.163333333333,2375.2414999999996,2401.995166666665,,-1,-1,0,16.209897807351428,0.9803921568627451,33.36765253091081,0.7387387387387387,0.4759179235726914,0.4759179235726914,58.795735541050945,0.09090909090909091,0.9166666666666666,159.09915870621535,0.9166666666666666
2024-02-01,2245.48,2270.07,2238.71,2248.27,3989013800.0,59264044170.0,1.0,2215.1544892540123,1,2266.628999999998,2263.5196666666666,2372.1062999999995,2398.8025833333318,,-1,-1,0,16.02700359265768,0.9611650485436893,33.27205002943887,0.7321428571428571,0.45141771589232776,0.45141771589232776,59.279281727694126,0.09774436090225563,0.8646616541353384,134.4253199654342,0.8421052631578947
2024-02-02,2252.65,2264.06,2184.77,2229.01,5063711900.0,72601307611.0,1.0,2215.1544892540123,1,2265.175999999998,2262.4406666666664,2368.8027999999995,2395.4718333333317,,-1,-1,0,15.910618423099073,0.9519230769230769,35.46338098041797,0.8407079646017699,0.6004275606928422,0.6004275606928422,57.906794738182555,0.08208955223880597,0.9552238805970149,295.3475539960131,0.9925373134328358
2024-02-05,2221.94,2270.37,2203.07,2255.28,5931402200.0,87422810341.0,1.0,2215.1544892540123,1,2267.6429999999978,2261.933333333333,2366.0139999999997,2392.353833333332,,-1,-1,0,16.245095031415676,0.9809523809523809,36.979410457540915,0.868421052631579,0.5413591401862352,0.5413591401862352,57.794088712542276,0.08148148148148149,0.9851851851851852,240.13934370326973,0.9777777777777777
2024-02-06,2250.11,2321.45,2246.82,2318.84,5838507600.0,88303224387.0,1.0,2215.1544892540123,1,2276.889999999998,2263.462666666666,2364.0026999999995,2390.2699999999986,,-1,-1,0,18.15562232249976,1.0,38.772295673848475,0.9391304347826087,0.6766442676876984,0.6766442676876984,64.97842244924914,0.13970588235294118,0.9779411764705882,194.2823582710603,0.9411764705882353
2024-02-07,2323.12,2344.79,2305.51,2344.15,6478409900.0,95430744991.0,1.0,2215.1544892540123,1,2285.248999999998,2266.1939999999986,2362.0824999999995,2388.560583333332,,-1,-1,0,18.307926811486023,1.0,38.796472070331866,0.9396551724137931,0.5446372381734198,0.5446372381734198,64.87868145055444,0.1386861313868613,1.0,134.31456591240757,0.8175182481751825
2024-02-08,2345.08,2355.77,2330.83,2352.58,5048620100.0,79375433558.0,1.0,2228.890079799052,1,2289.221999999998,2269.061999999999,2360.2899999999995,2386.945083333332,,-1,-1,0,18.319369234638227,1.0,38.136640066982736,0.9145299145299145,0.5285081091442355,0.5285081091442355,63.3795192576459,0.13768115942028986,0.927536231884058,141.33844280463316,0.8405797101449275
2024-02-19,2368.45,2371.55,2348.41,2371.55,5216022500.0,78856898581.0,1.0,2247.712456951478,1,2294.939999999998,2270.856999999999,2358.760099999999,2385.617916666665,,1,-1,0,17.33967933062287,0.963302752293578,37.42251434950739,0.8559322033898306,0.5107716851160794,0.5107716851160794,47.97233468454849,0.007194244604316547,0.9424460431654677,74.46315473314304,0.2158273381294964
2024-02-20,2367.92,2372.86,2353.97,2369.08,3748607900.0,60546151372.0,1.0,2253.7949590014073,1,2301.4039999999977,2272.2873333333328,2357.141099999999,2384.2228333333323,,1,-1,0,17.326866910575674,0.9545454545454546,36.54001366619753,0.8235294117647058,0.5565667431795633,0.5565667431795633,48.05748086451582,0.014285714285714285,0.8,89.45298392497753,0.40714285714285714
2024-02-21,2359.18,2439.21,2355.45,2410.23,5000538200.0,86249269224.0,1.0,2280.964246668007,1,2315.328999999998,2276.220666666666,2356.093599999999,2383.411583333332,,1,-1,0,17.356207377207056,0.963963963963964,38.78858444399766,0.9333333333333333,0.4664653209398937,0.4664653209398937,47.294230779497035,0.0070921985815602835,0.9148936170212766,137.67748634368888,0.8368794326241135
2024-02-22,2403.88,2433.23,2403.0,2433.08,3755541100.0,60050748447.0,1.0,2302.971901588578,1,2333.2069999999976,2280.8286666666663,2355.105399999999,2383.0614999999984,,1,-1,0,17.495196584789905,0.9642857142857143,38.381032803807294,0.9090909090909091,0.3877617519782615,0.3877617519782615,47.03434194160048,0.007042253521126761,0.795774647887324,94.44605669401821,0.4788732394366197
2024-02-23,2431.87,2447.8,2424.17,2433.41,4006307200.0,62572523602.0,1.0,2322.949191989122,1,2351.7209999999977,2285.974333333333,2354.116699999999,2382.5585833333316,,1,-1,0,17.30760957099686,0.9292035398230089,37.67860267029267,0.8442622950819673,0.3515330683201571,0.3515330683201571,47.25759397783806,0.013986013986013986,0.8391608391608392,93.97025927204808,0.4755244755244755
2024-02-26,2427.23,2430.97,2388.39,2393.55,4132834000.0,63298281853.0,1.0,2322.949191989122,1,2368.1749999999975,2290.1413333333335,2352.8365999999987,2381.9949166666647,,1,-1,0,18.014030077627716,0.9736842105263158,38.02819301932635,0.8780487804878049,0.2726044296855092,0.2726044296855092,47.907371857149236,0.027777777777777776,0.8611111111111112,93.6927110761536,0.4722222222222222
2024-02-27,2383.14,2405.06,2381.57,2405.06,3360096000.0,57324528048.0,1.0,2322.949191989122,1,2383.1529999999975,2295.5153333333337,2351.929799999999,2381.364166666665,,1,-1,0,17.63048233892034,0.9565217391304348,37.335898113644134,0.8225806451612904,0.19550905658071638,0.19550905658071638,48.750112822689054,0.04827586206896552,0.696551724137931,79.13580888784016,0.27586206896551724
2024-02-28,2405.88,2417.33,2385.61,2385.61,4476390700.0,76575633130.0,1.0,2322.949191989122,1,2389.8299999999977,2300.181666666667,2350.2760999999987,2380.533166666665,,1,-1,0,17.878760469803826,0.9568965517241379,37.06847439394679,0.808,0.24249054278729085,0.24249054278729085,48.47232080755229,0.04794520547945205,0.8904109589041096,117.83974143377729,0.7328767123287672
2024-02-29,2378.14,2413.14,2378.14,2413.14,3519252800.0,63682017901.0,1.0,2322.949191989122,1,2396.7289999999975,2306.112666666667,2349.115999999999,2379.657749999998,,1,-1,0,17.962789767631367,0.9658119658119658,36.96997561328266,0.7936507936507936,0.11606497597225064,0.11606497597225064,48.421020832694055,0.047619047619047616,0.7278911564625851,85.41929346140914,0.36054421768707484
2024-03-01,2408.3,2420.38,2397.64,2414.84,3443500700.0,60269510717.0,1.0,2322.949191989122,1,2402.9549999999977,2311.937,2348.130299999999,2378.704583333332,,1,-1,0,17.970811460569948,0.9661016949152542,36.292357726935876,0.7716535433070866,0.1296235284065859,0.1296235284065859,48.42213755209142,0.05405405405405406,0.7162162162162162,91.98743155910438,0.42567567567567566
2024-03-04,2412.08,2422.82,2404.92,2418.58,4029811300.0,71924712167.0,1.0,2322.949191989122,1,2407.657999999998,2317.9826666666663,2347.1146999999987,2377.838249999999,,1,-1,0,17.937489963341154,0.9495798319327731,35.41653116851036,0.7421875,0.10515407441436178,0.10515407441436178,48.31357404391824,0.04697986577181208,0.8322147651006712,75.75033884220575,0.21476510067114093
2024-03-05,2410.46,2450.06,2407.05,2446.42,4395609300.0,76817288567.0,1.0,2322.949191989122,1,2415.3919999999976,2324.913333333333,2346.507999999999,2377.3045833333317,,1,-1,0,18.101356897632158,0.975,35.7781249223908,0.7674418604651163,0.017738220089762086,0.017738220089762086,48.15004510855019,0.04666666666666667,0.88,88.59519993867923,0.3933333333333333
2024-03-06,2443.85,2450.43,2433.07,2434.12,3875397500.0,62490715898.0,1.0,2337.0467859360265,1,2417.7809999999977,2331.0846666666666,2345.853499999999,2376.4868333333316,,1,-1,0,18.23862851178534,0.9834710743801653,34.901071354657894,0.7230769230769231,0.09432299823059821,0.09432299823059821,48.03962034399559,0.039735099337748346,0.7748344370860927,56.47621782589269,0.026490066225165563
2024-03-07,2430.42,2446.3,2418.13,2426.97,3833578600.0,67072865441.0,1.0,2337.0467859360265,1,2417.1699999999973,2338.675,2345.2978999999987,2375.232666666665,,1,-1,0,16.801358488898806,0.8524590163934426,34.58054414729323,0.7022900763358778,0.38011227873888537,0.38011227873888537,54.43878131619292,0.09210526315789473,0.7697368421052632,78.1878238200392,0.2631578947368421
2024-03-08,2423.14,2433.33,2410.15,2426.17,3491125700.0,57496304190.0,1.0,2337.0467859360265,1,2416.4459999999976,2344.932,2344.650999999999,2374.1024999999986,,1,-1,0,16.27225773709379,0.8455284552845529,34.037661092660215,0.6818181818181818,0.5042739704317002,0.5042739704317002,51.30543116837431,0.0915032679738562,0.6993464052287581,75.01931403245442,0.20915032679738563
2024-03-11,2426.73,2443.11,2418.34,2443.11,3915214500.0,69559846416.0,1.0,2337.0467859360265,1,2421.4019999999978,2351.5843333333332,2343.9381999999987,2373.1337499999986,,1,-1,0,16.316424416030312,0.8467741935483871,33.59634389777163,0.6616541353383458,0.4542407884174894,0.4542407884174894,51.284383915356536,0.09090909090909091,0.7792207792207793,99.56127847817797,0.564935064935065
2024-03-12,2443.23,2458.92,2436.08,2450.47,5057728500.0,93341577304.0,1.0,2348.2475888635095,1,2425.942999999998,2358.913,2343.5515999999984,2372.4363333333317,,1,-1,0,16.114405743899862,0.816,33.0841370454968,0.6119402985074627,0.40217378826845834,0.40217378826845834,51.509598583964426,0.1032258064516129,0.9290322580645162,98.227442554715,0.5419354838709678
2024-03-13,2445.8,2445.8,2419.47,2427.6,3694867300.0,67424743627.0,1.0,2348.2475888635095,1,2430.1419999999976,2365.620666666667,2343.1431999999986,2371.666583333332,,1,-1,0,16.44922656782071,0.8492063492063492,32.98489242428267,0.6074074074074074,0.39559052967205766,0.39559052967205766,51.63633465025334,0.10897435897435898,0.7371794871794872,89.30526123942214,0.41025641025641024
2024-03-14,2431.77,2446.88,2415.06,2423.86,3688224600.0,69775882118.0,1.0,2348.2475888635095,1,2431.2139999999977,2371.0640000000003,2342.5927999999985,2370.730666666665,,1,1,0,16.076327113063375,0.7952755905511811,32.92942135645969,0.5955882352941176,0.5318892728194504,0.5318892728194504,50.88202308810496,0.08917197452229299,0.732484076433121,92.03246462415008,0.445859872611465
2024-03-15,2417.57,2430.59,2409.61,2427.2,3300750900.0,62673015810.0,1.0,2348.2475888635095,1,2432.449999999998,2374.875666666667,2342.1928999999986,2369.8587499999985,,1,1,0,14.85982316431019,0.71875,32.360401291866374,0.5620437956204379,0.533520246779828,0.533520246779828,54.91589331243887,0.12658227848101267,0.6265822784810127,81.91081198337807,0.34177215189873417
2024-03-18,2424.92,2438.83,2419.88,2438.19,3704725200.0,70596403716.0,1.0,2348.2475888635095,1,2434.4109999999973,2379.003,2342.5554999999986,2369.1391666666655,,1,1,0,14.879060721064265,0.7209302325581395,31.72181075415844,0.463768115942029,0.48888797453772587,0.48888797453772587,54.898463905777064,0.12578616352201258,0.7421383647798742,75.1556086476322,0.2138364779874214
2024-03-19,2430.3,2441.6,2416.03,2416.83,3433251500.0,64262404652.0,1.0,2348.2475888635095,1,2431.4519999999975,2382.7493333333337,2342.8315999999986,2368.1879166666654,,1,1,0,15.086580884797801,0.7307692307692307,31.428867384912785,0.45323741007194246,0.47957201767273955,0.47957201767273955,55.04688189256552,0.1375,0.66875,76.50363590330981,0.24375
2024-03-20,2412.61,2430.72,2408.48,2426.46,3083861000.0,51100637497.0,1.0,2348.2475888635095,1,2430.6859999999974,2387.9320000000007,2343.3968999999984,2367.4502499999994,,1,1,0,14.32006849507865,0.6564885496183206,30.9913022713455,0.40714285714285714,0.5477073612815523,0.5477073612815523,55.616495466064805,0.14285714285714285,0.5527950310559007,79.94214847512772,0.2919254658385093
2024-03-21,2432.93,2441.27,2424.88,2427.1,2920841500.0,54112424029.0,1.0,2348.2475888635095,1,2430.6989999999973,2393.692000000001,2343.8834999999985,2366.5769166666655,,1,1,0,14.05193780254195,0.6439393939393939,30.296002163186184,0.36879432624113473,0.533536837698851,0.533536837698851,55.680481673281086,0.14814814814814814,0.48148148148148145,62.96583053258641,0.07407407407407407
2024-03-22,2417.94,2420.77,2386.2,2403.2,3407355500.0,63189507878.0,1.0,2348.2475888635095,1,2428.4019999999973,2398.856333333334,2344.052499999999,2365.501249999999,,1,1,0,14.419907543899564,0.6616541353383458,30.8009544411297,0.4014084507042254,0.4946954725057263,0.4946954725057263,56.300790912175636,0.15337423312883436,0.6687116564417178,103.3386199401811,0.6196319018404908
2024-03-25,2398.32,2418.31,2393.06,2401.21,3438373100.0,60441059299.0,1.0,2348.2475888635095,1,2424.211999999997,2404.5963333333343,2344.1272999999987,2364.498333333332,,1,1,0,14.094752172891578,0.6417910447761194,30.53662327726638,0.38461538461538464,0.5004236092182313,0.5004236092182313,56.569802387591494,0.15853658536585366,0.676829268292683,71.50034668223816,0.16463414634146342
2024-03-26,2404.21,2415.71,2398.6,2413.74,3136249800.0,57780738857.0,1.0,2348.2475888635095,1,2420.538999999997,2409.8783333333345,2344.1155999999987,2363.814999999999,,1,1,0,13.853003163666221,0.6148148148148148,29.897260264063227,0.3611111111111111,0.5652896889283873,0.5652896889283873,56.22804048056048,0.15151515151515152,0.5636363636363636,97.48679628318638,0.5454545454545454
2024-03-27,2408.91,2421.13,2398.94,2398.94,3207291600.0,52565295667.0,1.0,2348.2475888635095,1,2417.672999999997,2412.5483333333345,2343.9633999999987,2362.5479999999993,,1,1,0,11.748218476318831,0.21323529411764705,29.530247870536407,0.3448275862068966,-0.14630001974002194,-0.14630001974002194,59.377829495302635,0.25903614457831325,0.6024096385542169,85.79988766901096,0.3855421686746988
2024-03-28,2395.22,2424.77,2387.42,2401.99,3687080000.0,59543019163.0,1.0,2348.2475888635095,1,2415.485999999997,2414.476333333335,2343.868499999998,2361.4883333333323,,1,1,0,11.389480948107972,0.1678832116788321,29.90261701955848,0.3698630136986301,-0.10749317545290724,-0.10749317545290724,59.19824143040972,0.25149700598802394,0.7365269461077845,96.29525700686227,0.5329341317365269
2024-03-29,2399.46,2418.56,2399.28,2414.92,3413358600.0,51692110861.0,1.0,2348.2475888635095,1,2414.257999999997,2416.554333333335,2343.8103999999985,2360.6675833333325,,1,1,0,11.437379212845762,0.18840579710144928,29.39677811386521,0.3401360544217687,-0.12544692829121315,-0.12544692829121315,59.28665341840365,0.2619047619047619,0.6666666666666666,77.98284730204087,0.26785714285714285
2024-04-01,2422.73,2448.88,2422.73,2441.57,3621001300.0,63161798144.0,1.0,2348.2475888635095,1,2414.5959999999973,2418.888333333335,2344.0514999999987,2360.0128333333323,,1,1,0,11.624688892299554,0.20863309352517986,29.614074394157342,0.3581081081081081,-0.10157561636468866,-0.10157561636468866,58.799439477329905,0.2485207100591716,0.727810650887574,110.63203423772832,0.6982248520710059
2024-04-02,2441.49,2447.37,2428.03,2435.76,3572642800.0,59917352009.0,1.0,2350.325501730979,1,2416.4889999999978,2421.1110000000017,2344.0396999999984,2359.4184166666655,,1,1,0,11.650773354393479,0.22142857142857142,29.12483275634031,0.3288590604026846,-0.0843237313736342,-0.0843237313736342,58.85604647494991,0.2529411764705882,0.7058823529411765,70.20603524417713,0.14705882352941177
2024-04-03,2439.43,2441.67,2423.91,2430.17,3195998600.0,60097488949.0,1.0,2350.325501730979,1,2416.859999999998,2421.7756666666683,2343.773699999999,2358.8400833333317,,1,1,0,10.61943296123126,0.0851063829787234,28.58365024413364,0.24666666666666667,-0.3273455894570617,-0.3273455894570617,62.55935148865268,0.2982456140350877,0.5847953216374269,47.13607502948406,0.011695906432748537
2024-04-08,2419.03,2431.41,2407.36,2414.09,3987359600.0,73403477404.0,1.0,2350.325501730979,1,2415.558999999998,2421.142666666668,2343.474899999999,2358.2697499999986,,1,1,0,10.43819793839534,0.07746478873239436,28.36776213727012,0.2052980132450331,-0.22314570538458278,-0.22314570538458278,62.17524885209864,0.29651162790697677,0.813953488372093,112.83186181177781,0.7209302325581395
2024-04-09,2411.78,2418.6,2399.28,2404.61,3562286700.0,57315468944.0,1.0,2350.325501730979,1,2415.699999999998,2420.182666666668,2343.1539999999986,2357.5509999999986,,1,1,0,10.490293315154652,0.08391608391608392,27.936916321209623,0.13815789473684212,-0.16104084800371163,-0.16104084800371163,62.454911399842906,0.30057803468208094,0.6994219653179191,61.724245815085155,0.07514450867052024
2024-04-10,2403.73,2412.59,2388.68,2396.74,3361270700.0,58702880924.0,1.0,2350.325501730979,1,2415.252999999998,2420.2890000000016,2342.7590999999984,2356.570583333332,,1,1,0,9.414354653319698,0.027777777777777776,27.745158401152036,0.1111111111111111,0.235338895089285,0.235338895089285,64.88129383583876,0.3218390804597701,0.6206896551724138,76.96745669148173,0.25862068965517243
2024-04-11,2383.7,2402.75,2380.51,2394.87,3128803600.0,56313020544.0,1.0,2350.325501730979,1,2413.3659999999977,2419.949333333335,2342.5675999999985,2355.7850833333314,,1,1,0,9.311195843126393,0.027586206896551724,27.48300800109717,0.09090909090909091,0.32506828575039604,0.32506828575039604,64.9379772450728,0.32571428571428573,0.5314285714285715,93.37840295420713,0.49714285714285716
2024-04-12,2397.28,2402.64,2370.28,2374.05,3236375800.0,59600119109.0,1.0,2350.325501730979,1,2410.8769999999977,2419.564000000001,2342.232199999998,2354.9984999999983,,1,1,0,9.356514100304341,0.03424657534246575,27.71524571533062,0.11612903225806452,0.3097262028990913,0.3097262028990913,64.57978255300493,0.3125,0.5909090909090909,73.40924211747549,0.19318181818181818
2024-04-15,2367.86,2424.93,2367.76,2424.02,5013050200.0,75984593018.0,1.0,2350.325501730979,1,2413.0799999999977,2419.926666666668,2342.4083999999984,2354.5411666666646,,1,1,0,10.663033975633073,0.1292517006802721,29.11785306221962,0.3525641025641026,0.9855473721444715,0.9855473721444715,78.93987405697737,0.807909604519774,0.9265536723163842,150.47295535271851,0.903954802259887
2024-04-16,2414.76,2429.39,2398.43,2412.32,4695248200.0,68370136905.0,1.0,2350.325501730979,1,2412.8199999999974,2419.8426666666687,2342.2603999999983,2354.0839166666647,,1,1,0,10.756459788516779,0.13513513513513514,29.20557434497107,0.36942675159235666,1.0321092370463036,1.0321092370463036,79.12157250467342,0.8089887640449438,0.9044943820224719,109.90143504936876,0.6966292134831461
2024-04-17,2407.96,2440.58,2397.44,2439.86,4594460200.0,69009890048.0,1.0,2350.325501730979,1,2412.6489999999976,2420.552000000002,2342.615799999998,2354.3999999999983,,1,1,0,11.236356006544591,0.16778523489932887,29.869118423781963,0.3987341772151899,0.9067460455675355,0.9067460455675355,80.90286551679587,0.8268156424581006,0.8994413407821229,99.74387108326569,0.6033519553072626
2024-04-18,2430.7,2468.36,2429.63,2445.2,4662446200.0,74076788588.0,1.0,2358.12180450348,1,2413.5929999999976,2420.511333333335,2343.085799999998,2354.8664999999983,,1,1,0,10.757356627238808,0.14,30.291065165506634,0.42138364779874216,1.019879856947477,1.019879856947477,80.99656558160302,0.8333333333333334,0.9,107.85308315706051,0.6666666666666666
2024-04-19,2433.98,2444.02,2424.17,2430.58,3888469000.0,63779125472.0,1.0,2358.12180450348,1,2413.6339999999973,2420.3933333333352,2343.343899999998,2355.371916666665,,1,1,0,10.798322127790966,0.152317880794702,29.850062062387256,0.39375,1.0133188593512756,1.0133188593512756,80.91132887633863,0.8287292817679558,0.7734806629834254,85.40427274487861,0.3812154696132597
2024-04-22,2433.18,2450.26,2422.77,2424.75,4036806100.0,65847983779.0,1.0,2358.12180450348,1,2414.6999999999975,2420.319333333335,2343.4289999999983,2355.7578333333317,,1,1,0,10.78713965207634,0.1513157894736842,29.737678154654542,0.391304347826087,1.0093751835509843,1.0093751835509843,78.83730594042669,0.7857142857142857,0.8351648351648352,111.32230723442885,0.7087912087912088
2024-04-23,2420.62,2426.89,2409.95,2413.74,3793205500.0,60577320430.0,1.0,2358.12180450348,1,2415.6129999999976,2419.905000000002,2343.5973999999983,2355.9864999999986,,1,1,0,10.864606159916034,0.16339869281045752,29.128264909194804,0.35185185185185186,1.0426613535757399,1.0426613535757399,78.8625514193297,0.7868852459016393,0.7540983606557377,91.83714920312603,0.453551912568306
2024-04-24,2422.63,2426.96,2406.88,2424.12,2938685900.0,50879459334.0,1.0,2358.12180450348,1,2418.350999999998,2419.272000000002,2343.786899999998,2356.239749999999,,1,1,0,10.742256691156609,0.12987012987012986,28.697395151614096,0.27607361963190186,1.0891942232395426,1.0891942232395426,78.7415007431012,0.7771739130434783,0.43478260869565216,66.75826673675341,0.11413043478260869
2024-04-25,2419.5,2437.31,2411.57,2431.62,2831781800.0,49604482982.0,1.0,2358.12180450348,1,2422.0259999999976,2418.6436666666687,2344.192899999998,2356.378999999999,,1,1,0,10.744360965629227,0.13548387096774195,28.556566811061035,0.25,1.0875864793250012,1.0875864793250012,78.82624381896295,0.7783783783783784,0.372972972972973,76.20397134927812,0.24864864864864866
2024-04-26,2432.76,2467.27,2432.76,2461.86,4783802900.0,79728583627.0,1.0,2363.3319519683973,1,2430.806999999998,2419.7856666666685,2345.1042999999977,2356.776499999999,,1,1,0,10.985319808480101,0.1858974358974359,28.89434934386766,0.2909090909090909,0.9819268954519585,0.9819268954519585,78.88584595141137,0.7903225806451613,0.9086021505376344,102.71167591068932,0.6290322580645161
2024-04-29,2458.18,2492.93,2453.48,2474.34,5340119700.0,92063350218.0,1.0,2385.014001874664,1,2435.8389999999977,2421.468333333335,2346.135599999998,2357.3003333333327,,1,1,0,11.044294377852783,0.1910828025477707,29.396999375112046,0.3855421686746988,0.8768517180000672,0.8768517180000672,78.97568320456249,0.7967914438502673,0.9572192513368984,91.2502730537566,0.44919786096256686
2024-04-30,2473.51,2484.1,2464.24,2464.24,4681437000.0,75190675500.0,1.0,2387.341430356823,1,2441.0309999999977,2422.703000000002,2347.196799999998,2357.662916666666,,1,1,0,11.12635989512568,0.1962025316455696,28.942856547725764,0.32335329341317365,0.928548295183724,0.928548295183724,76.78256209738244,0.43617021276595747,0.8936170212765957,61.10418938953048,0.06914893617021277
2024-05-06,2495.47,2505.6,2487.32,2495.76,5600781100.0,96349187569.0,1.0,2407.8575527207836,1,2446.620999999998,2424.6220000000017,2348.4943999999978,2358.315416666666,,1,1,0,11.61700207434844,0.29559748427672955,29.53414909307216,0.39880952380952384,0.8572770502503801,0.8572770502503801,78.20065956523865,0.7619047619047619,0.9682539682539683,147.82808885460963,0.8941798941798942
2024-05-07,2496.02,2504.03,2489.37,2499.77,3804263100.0,62864447734.0,1.0,2410.2224311626505,1,2452.0779999999977,2427.386666666668,2349.9720999999977,2358.8389999999995,,1,1,0,11.268391123703514,0.21875,28.82585627911636,0.2781065088757396,0.8716240579072203,0.8716240579072203,78.21576483959822,0.7631578947368421,0.7421052631578947,69.05376453976857,0.1368421052631579
2024-05-08,2495.62,2497.15,2484.38,2486.02,3230611100.0,51551480769.0,1.0,2410.2224311626505,1,2457.6219999999976,2429.3720000000017,2351.4934999999978,2359.0827499999996,,1,1,0,11.392171068827535,0.2670807453416149,28.18605359915843,0.18235294117647058,0.9528682599058309,0.9528682599058309,77.3772421080501,0.43455497382198954,0.5549738219895288,60.564130622508316,0.06806282722513089
2024-05-09,2483.66,2506.28,2483.66,2501.73,3766211100.0,64311115706.0,1.0,2411.2069897166903,1,2465.3199999999974,2431.859666666668,2353.644999999998,2359.5640833333327,,1,1,0,11.497508231130348,0.2962962962962963,27.92100342776995,0.14035087719298245,0.8539685549906986,0.8539685549906986,77.41328506369436,0.4375,0.734375,53.978831204397025,0.026041666666666668
2024-05-10,2508.06,2515.02,2492.36,2508.58,4052864200.0,66949259699.0,1.0,2420.678561634943,1,2474.803999999998,2435.3723333333346,2355.890199999998,2360.163083333333,,1,1,0,11.0446865412897,0.1901840490797546,27.67047945501899,0.10465116279069768,0.9081123449913457,0.9081123449913457,77.41707483207334,0.44041450777202074,0.8238341968911918,89.43472921684477,0.44041450777202074
2024-05-13,2499.69,2512.24,2487.65,2506.46,4103674800.0,74056153882.0,1.0,2420.678561634943,1,2483.0379999999977,2438.8806666666683,2358.206499999998,2360.7483333333334,,1,1,0,11.04498520030288,0.1951219512195122,27.523789957160933,0.08670520231213873,0.908269132480291,0.908269132480291,77.31850445793309,0.42783505154639173,0.8298969072164949,86.89301380114277,0.41237113402061853
2024-05-14,2507.2,2510.42,2491.25,2496.74,3388568700.0,61077635741.0,1.0,2420.678561634943,1,2489.549999999998,2441.6473333333347,2360.357399999998,2361.4376666666662,,1,1,0,11.088953448526885,0.2,27.125990435391365,0.06896551724137931,1.0138649901142178,1.0138649901142178,77.31731913903786,0.4256410256410256,0.5948717948717949,50.23261798140042,0.020512820512820513
2024-05-15,2494.76,2498.95,2475.96,2477.39,2945728800.0,50498146340.0,1.0,2420.678561634943,1,2491.102999999998,2444.2623333333345,2362.204499999998,2362.0193333333327,,1,1,0,11.187968671092817,0.21084337349397592,26.92903850989653,0.05714285714285714,0.9791669089347733,0.9791669089347733,64.26184210811714,0.28061224489795916,0.41836734693877553,67.49178883485712,0.1377551020408163
2024-05-16,2484.2721,2498.8895,2475.8382,2489.4139,3919933900.0,68282396243.0,1.0,2420.678561634943,1,2492.6103899999976,2447.1764633333346,2364.047238999998,2362.7111158333328,,1,1,0,11.239377826918885,0.23353293413173654,26.744384295139557,0.05113636363636364,0.9176241957787956,0.9176241957787956,63.670912773247444,0.27918781725888325,0.766497461928934,62.60260739384752,0.09137055837563451
2024-05-17,2492.57,2524.18,2485.82,2524.17,4421856300.0,76547473107.0,1.0,2423.1074734424583,1,2498.6033899999975,2450.818130000001,2366.678738999998,2363.5198658333325,,1,1,0,11.763157902072708,0.3630952380952381,27.29750885251385,0.0903954802259887,0.8519447299092148,0.8519447299092148,65.02606572367807,0.3181818181818182,0.8686868686868687,78.62849611608415,0.3181818181818182
2024-05-20,2529.92,2544.52,2524.19,2532.82,4669198500.0,81480531233.0,1.0,2453.4549747071032,1,2502.309389999997,2453.859796666668,2369.5075389999984,2364.5906991666657,,1,1,0,11.438739525675583,0.3076923076923077,26.966675097632237,0.07303370786516854,0.9567832433375354,0.9567832433375354,65.40377270271279,0.32160804020100503,0.8894472361809045,101.09830149673645,0.6331658291457286
2024-05-21,2526.94,2531.63,2518.27,2525.23,3311864500.0,54644703086.0,1.0,2453.4549747071032,1,2504.855389999997,2456.8421300000014,2372.3069389999982,2365.649282499999,2421.5085194999997,1,1,1,11.456623533518275,0.3176470588235294,26.375404854887854,0.03910614525139665,0.9586322302114061,0.9586322302114061,65.40235266299317,0.32,0.555,69.98256838463331,0.175
2024-05-22,2524.69,2535.06,2519.03,2529.04,3807604800.0,65777030875.0,1.0,2453.4549747071032,1,2509.157389999997,2460.137796666668,2375.0850389999982,2366.684865833332,2421.6072694999993,1,1,1,11.40925084436195,0.29239766081871343,25.88276652846461,0.011111111111111112,0.9188823641092775,0.9188823641092775,59.9408605363772,0.24378109452736318,0.7313432835820896,59.087250769201376,0.06965174129353234
2024-05-23,2518.14,2519.04,2495.16,2500.82,3504800300.0,59668907623.0,1.0,2453.4549747071032,1,2509.066389999997,2463.028796666668,2377.5211389999986,2367.389699166665,2421.6113694999995,1,1,1,11.746203916553116,0.36627906976744184,26.263587169966303,0.03867403314917127,0.7798783080229201,0.7798783080229201,60.0961402540274,0.24752475247524752,0.6336633663366337,98.75963877268404,0.599009900990099
2024-05-24,2494.37,2504.41,2473.23,2474.43,3129424200.0,53766574545.0,1.0,2453.4549747071032,1,2505.651389999997,2465.356130000001,2379.8896389999986,2368.0357824999983,2421.0917695,1,1,1,12.136836061978764,0.41040462427745666,26.497702066634567,0.054945054945054944,0.6804704347268008,0.6804704347268008,60.65025275031289,0.2512315270935961,0.47783251231527096,61.75708950903484,0.09359605911330049
2024-05-27,2478.26,2500.11,2478.26,2497.6,3577089700.0,60797174364.0,1.0,2453.4549747071032,1,2504.765389999997,2468.718130000001,2382.2518389999987,2368.8060324999983,2420.6978194999992,1,1,1,12.29860746971788,0.41379310344827586,26.458763872985315,0.0546448087431694,0.5321831389481242,0.5321831389481242,51.551386493571606,0.08823529411764706,0.6568627450980392,93.1999939670897,0.5196078431372549
2024-05-28,2498.03,2505.79,2486.1,2490.16,3300357300.0,54184041257.0,1.0,2453.4549747071032,1,2504.107389999997,2471.894463333335,2384.4484389999984,2369.6321991666646,2420.2718194999993,1,1,1,12.347558630030003,0.41714285714285715,26.13644178379554,0.021739130434782608,0.5501871883854802,0.5501871883854802,51.227577433183036,0.07317073170731707,0.5414634146341464,49.30571964263261,0.014634146341463415
2024-05-29,2489.52,2510.07,2486.58,2493.17,3178511100.0,51576833820.0,1.0,2453.4549747071032,1,2505.6853899999974,2475.865130000001,2386.650538999999,2370.6526158333313,2419.5025194999994,1,1,1,11.98735959022008,0.4034090909090909,26.010420746471954,0.021621621621621623,0.5455342506448063,0.5455342506448063,52.42230555606312,0.10194174757281553,0.5097087378640777,67.77017905980068,0.1553398058252427
2024-05-30,2488.32,2500.31,2468.26,2473.76,3434998300.0,60265641217.0,1.0,2453.4549747071032,1,2504.1199999999976,2477.523130000001,2388.766038999999,2371.5071991666646,2418.604469499999,1,1,1,10.823204570385851,0.15254237288135594,26.298019758544704,0.053763440860215055,0.282445145177965,0.282445145177965,45.740873759824694,0.004830917874396135,0.6135265700483091,83.82573208585723,0.3961352657004831
2024-05-31,2480.21,2487.13,2462.18,2462.18,2859317000.0,50383978421.0,1.0,2453.4549747071032,1,2497.9209999999975,2479.1851300000003,2390.7224389999988,2372.3743658333315,2417.6859194999993,1,1,1,10.817002913121422,0.15168539325842698,26.23382834147116,0.0427807486631016,0.28212879246441996,0.28212879246441996,45.68342213217894,0.004807692307692308,0.35096153846153844,77.91809591556978,0.3076923076923077
2024-06-03,2461.35,2476.8,2454.98,2469.02,3293523400.0,58211851910.0,1.0,2453.4549747071032,1,2491.540999999998,2480.1571300000005,2392.2356389999986,2373.2328658333313,2416.9276194999993,1,1,1,10.366664625496192,0.07262569832402235,26.023646039496352,0.026595744680851064,0.30520436747839125,0.30520436747839125,45.311875359138625,0.004784688995215311,0.5358851674641149,84.73312046928613,0.41148325358851673
2024-06-04,2465.61,2488.75,2462.67,2483.32,3190318300.0,56622882696.0,1.0,2453.4549747071032,1,2487.3499999999976,2481.4277966666677,2393.8071389999986,2374.3271991666647,2416.1184694999993,1,1,1,10.469307321716265,0.08888888888888889,26.026329561425094,0.031746031746031744,0.25707308600032225,0.25707308600032225,43.8208310175086,0.004761904761904762,0.5095238095238095,74.90653011062638,0.24285714285714285
2024-06-05,2477.31,2483.33,2467.46,2468.19,2945385700.0,51341197989.0,1.0,2453.4549747071032,1,2481.2649999999976,2482.6814633333342,2395.5667389999985,2375.446449166665,2415.215219499999,1,1,1,10.475328972549454,0.09392265193370165,25.542694820404844,0.005263157894736842,0.2566336852191361,0.2566336852191361,43.8036195909247,0.004739336492890996,0.3933649289099526,59.44994920275917,0.07582938388625593
2024-06-06,2474.23,2492.05,2462.13,2467.89,3689726300.0,64488233047.0,1.0,2453.4549747071032,1,2477.9719999999975,2484.1194633333344,2397.2972389999986,2376.9573658333316,2414.381769499999,1,1,1,10.44163853632911,0.08791208791208792,25.751137924195096,0.015706806282722512,0.22565445727455685,0.22565445727455685,43.80978653408356,0.009433962264150943,0.7028301886792453,102.06568233185195,0.660377358490566
2024-06-07,2473.17,2476.46,2444.93,2457.26,3643610500.0,58648181396.0,1.0,2453.4549747071032,1,2476.2549999999974,2485.5701300000005,2399.0794389999987,2378.400699166665,2413.511169499999,1,1,1,10.432123481257563,0.08196721311475409,26.02632183256677,0.041666666666666664,0.2247349799671817,0.2247349799671817,43.74785470173412,0.004694835680751174,0.6854460093896714,73.28058323914036,0.22535211267605634
2024-06-11,2444.55,2449.65,2415.11,2423.62,4140154900.0,70152687633.0,1.0,2512.762348093048,-1,2468.8569999999972,2485.553463333334,2400.6302389999987,2379.6406158333316,2412.485769499999,1,1,1,11.138458825557295,0.22826086956521738,26.794116031015978,0.12953367875647667,0.1507759031269217,0.1507759031269217,47.80982996917915,0.0514018691588785,0.8457943925233645,113.00910106060897,0.7663551401869159
2024-06-12,2420.9,2427.84,2412.99,2423.61,3794960400.0,63274163769.0,1.0,2499.091045802903,-1,2462.2019999999975,2485.2864633333343,2402.4279389999983,2380.823615833331,2411.456619499999,1,1,1,11.1012950596683,0.22162162162162163,26.225348600967614,0.06701030927835051,0.1960850122804612,0.1960850122804612,47.82966429146306,0.05581395348837209,0.7348837209302326,59.44402318863505,0.07441860465116279
2024-06-13,2425.92,2426.33,2406.99,2412.07,3085107100.0,57368166221.0,1.0,2494.3524245741933,-1,2454.091999999998,2483.626796666668,2404.0924389999986,2381.818532499998,2410.672469499999,1,1,1,10.535954418916663,0.11827956989247312,25.8974748580644,0.02564102564102564,0.2535697060707516,0.2535697060707516,49.68231298572948,0.10648148148148148,0.4444444444444444,56.16016016059062,0.037037037037037035
2024-06-14,2405.79,2433.05,2399.99,2426.51,4127796600.0,78246583296.0,1.0,2494.3524245741933,-1,2449.3669999999975,2482.0324633333344,2406.0054389999987,2382.8299491666644,2410.0586194999987,1,1,1,10.58124769115533,0.12299465240641712,26.238547483870878,0.08163265306122448,0.24840938283297662,0.24840938283297662,49.67185848222199,0.10599078341013825,0.8387096774193549,102.60504863651646,0.6682027649769585
2024-06-17,2412.09,2418.94,2408.87,2416.34,3749595700.0,61841769533.0,1.0,2491.3922785253453,-1,2444.7829999999976,2480.435796666667,2407.767738999999,2384.124282499998,2409.408119499999,1,1,1,10.584307382623045,0.1276595744680851,25.829092841781804,0.02030456852791878,0.2494436871210108,0.2494436871210108,49.61217743045443,0.10550458715596331,0.7155963302752294,81.68370200310565,0.38990825688073394
2024-06-18,2412.55,2424.93,2408.29,2415.43,3533834700.0,59466094876.0,1.0,2491.3922785253453,-1,2439.4239999999977,2477.7581300000006,2409.5499389999986,2385.5033658333314,2408.831219499999,1,1,1,9.814429671399614,0.042328042328042326,25.391516992173145,0.005050505050505051,0.17579121532543474,0.17579121532543474,51.79315977627275,0.1506849315068493,0.634703196347032,67.28573328441446,0.1506849315068493
2024-06-19,2410.47,2418.74,2402.96,2413.97,3277529100.0,56240551303.0,1.0,2485.6514771204947,-1,2432.4889999999978,2474.8981300000005,2411.304638999999,2386.909032499998,2408.2186194999986,1,1,1,9.783757896711446,0.042105263157894736,24.933825706831552,0.005025125628140704,0.21246454404481876,0.21246454404481876,51.26642634928505,0.12727272727272726,0.5227272727272727,73.82690268379729,0.24545454545454545
